block_no,lot_no,capacity,lat_long1,lat_long2,lat_long3,lat_long4
memory f-1,1,1,"14.111401071791715, 121.55021320020109","14.111371157192366, 121.5502406928427","14.111402372426372, 121.55027422045443","14.111430986387134, 121.55024941002175"
memory f-1,2,1,"14.111433112998776, 121.55025332647473","14.11141360348065, 121.55027076083424","14.111435714267724, 121.55029825347806","14.111457174735486, 121.55027947801399"
memory f-1,3,1,"14.1113713328523, 121.55024125653355","14.111349222058978, 121.55026807862507","14.11137198316973, 121.55029825347806","14.111399946816967, 121.55027076083424"
memory f-1,4,0,"14.111401247451639, 121.55027880746171","14.111379786978596, 121.55030026513492","14.111401897768967, 121.5503297694356","14.11142335823991, 121.5503029473441"
memory f-1,5,1,"14.11134271888406, 121.55027344304338","14.111308252053902, 121.55030630010553","14.111335565391443, 121.55033245164478","14.111363529043143, 121.5503029473441"
memory f-1,6,1,"14.111366130312893, 121.5503076412101","14.111336866026482, 121.55033848661539","14.111361578090813, 121.55036664981148","14.111394093960842, 121.55033714551078"
memory f-1,7,0,"14.111301098559414, 121.55031166452325","14.111278987759274, 121.55033379274876","14.111329712532886, 121.55034183937624","14.11132711126273, 121.55034116882393"
memory f-1,8,1,"14.111334264755614, 121.55034854489911","14.111315405546609, 121.55036664981091","14.11134922205819, 121.55036866146776","14.111347921423226, 121.55036664981091"
memory f-1,9,1,"14.111275085853148, 121.55034318048081","14.111250373779429, 121.55036664981091","14.111268582676118, 121.55039146024559","14.111294595383134, 121.55036933202007"
memory f-1,10,1,"14.11130369982989, 121.55037369061188","14.111280938712328, 121.55039648938761","14.111302399194646, 121.55041492957324","14.111323209357407, 121.55040218908131"
memory f-1,11,0,"14.111242569966125, 121.55037804919981","14.111219808842458, 121.55040084797763","14.111237367423776, 121.55042431730773","14.11126403045208, 121.55039749521619"
memory f-1,12,1,"14.111270533629238, 121.55040353018677","14.111243220283912, 121.55042968172603","14.111264680769803, 121.55045717436985","14.111293294747854, 121.55043236393517"
memory f-1,13,1,"14.111212005028097, 121.55041023570968","14.111183391039855, 121.55043772835351","14.111201599941888, 121.55046455044503","14.111231514563489, 121.55043638724891"
memory f-1,14,1,"14.111237367423776, 121.55044242221952","14.111206152167172, 121.55046924431105","14.111221759795997, 121.55048667867057","14.111250373779429, 121.55046119768359"
memory f-1,15,1,"14.111174936906282, 121.55044510442868","14.111154777048016, 121.55046857375878","14.111171685316355, 121.55048734922283","14.111194446444832, 121.5504658915496"
memory f-1,16,0,"14.111197698034442, 121.55046857375878","14.111174936906282, 121.550490031432","14.111185341993712, 121.55050411303006","14.11120485153137, 121.55048265535683"
memory f-1,17,1,"14.111143721641119, 121.55047058541564","14.111120310189436, 121.55049673695488","14.111139819732667, 121.55052355904644","14.111169734362383, 121.55049941916405"
memory f-1,18,0,"14.111171685316355, 121.55050210137318","14.111145022277253, 121.55052825291244","14.111161930546306, 121.55054367561507","14.111183391039855, 121.55051551241895"
memory f-1,19,1,"14.111111205735355, 121.55050411303006","14.111085843325654, 121.55052892346474","14.111107954144522, 121.55055306334712","14.111133966869884, 121.55052892346474"
memory f-1,20,1,"14.111137218460335, 121.55053697009218","14.111111856053522, 121.5505604394223","14.111130715279373, 121.5505772032295","14.111155427366056, 121.55055306334712"
,,,,,,
memory f-2,1,1,"14.111463691069682, 121.55029882909305","14.11144743314021, 121.5503129106911","14.111465642021138, 121.55033436836433","14.111481249632213, 121.55031492234798"
memory f-2,2,0,"14.11149035407151, 121.55031827510942","14.111468243289726, 121.55034040333493","14.11147604709531, 121.55035649658986","14.111498157876328, 121.55033772112577"
memory f-2,3,0,"14.111437678381966, 121.55031559290028","14.111412966325881, 121.55033906223036","14.111431825526818, 121.55036454321733","14.111453285994951, 121.55034174443949"
memory f-2,4,0,"14.111459789166714, 121.55034576775324","14.111437028064726, 121.55036856653108","14.111458488532373, 121.55039270641342","14.111479948998, 121.55037057818791"
memory f-2,5,0,"14.111405812835462, 121.55033973278265","14.111374597601927, 121.55037258984477","14.111395407758085, 121.55039337696573","14.111424021719737, 121.5503665548742"
memory f-2,6,1,"14.111426622988786, 121.55037191929249","14.111394757440754, 121.55040276469776","14.111418168864219, 121.5504309278939","14.11145198536057, 121.5504007530409"
memory f-2,7,1,"14.111368744745164, 121.55038667144285","14.11134598363409, 121.55040947022064","14.111360940935903, 121.55042690458015","14.111382401410715, 121.55040678801151"
memory f-2,8,1,"14.111390205219235, 121.55041349353438","14.111367444110302, 121.55043495120762","14.111382401410715, 121.55045171501482","14.111405812835462, 121.55043159844618"
memory f-2,9,1,"14.11133622887151, 121.55042355181872","14.11131736966267, 121.55044433893964","14.111327774743598, 121.55045774998543","14.111348584904045, 121.5504362923122"
memory f-2,10,1,"14.111361591252075, 121.55044031562441","14.111334928235172, 121.55046646716363","14.111348584902757, 121.55048457207543","14.111375247918058, 121.55046043219306"
memory f-2,11,1,"14.111299160768601, 121.55044836225186","14.111279000921325, 121.5504684788205","14.11129525886282, 121.55049194815061","14.111319320614097, 121.5504691493728"
memory f-2,12,1,"14.1113225722019, 121.55047116102968","14.111300461403845, 121.55049999477808","14.111319320614097, 121.55051944079445","14.111342732045323, 121.55050066533039"
memory f-2,13,0,"14.111271847426696, 121.55047585489568","14.111247785670422, 121.55049932422578","14.111262742978683, 121.55052011134673","14.111291356956963, 121.55049731256891"
memory f-2,14,1,"14.11129525886282, 121.55050267698722","14.111270546791287, 121.5505274874219","14.111283553145057, 121.55054425122913","14.11130761489757, 121.5505221230036"
memory f-2,15,1,"14.111239331539227, 121.55050535919639","14.111212668508026, 121.55053419294478","14.111228926454253, 121.55054894509513","14.111248435988182, 121.55052949907878"
memory f-2,16,1,"14.111257540436782, 121.55054022791539","14.111260792025488, 121.5505623561409","14.111260141707751, 121.55056302669318","14.11126924615588, 121.5505569917226"
memory f-2,17,1,"14.111199662148339, 121.55054492177769","14.111178851974293, 121.55056570889862","14.111194459605011, 121.55058582546725","14.111217871049073, 121.55056168558487"
memory f-2,18,0,"14.111222423274016, 121.55056637945091","14.111202263419958, 121.55058917822869","14.111216570413347, 121.55060996534966","14.111238681219545, 121.55058582546725"
memory f-2,19,0,"14.111171698476538, 121.55057040276463","14.11114308448322, 121.55059722485618","14.11116129338847, 121.55061801197712","14.111191208015365, 121.55059118988557"
memory f-2,20,1,"14.111192508651218, 121.55059655430388","14.11116649593256, 121.55062270584313","14.111178851974293, 121.55063946965035","14.111208766598885, 121.55061465921567"
,,,,,,
memory f-3,1,1,"14.111523520241603, 121.55035381437806","14.111489703755861, 121.55038398923101","14.111513115169606, 121.55040745856112","14.111541729116448, 121.55037795426044"
memory f-3,2,1,"14.111549532919524, 121.55038130702188","14.111529373094386, 121.55040075303823","14.111554735454733, 121.55042623402518","14.11157164369342, 121.55041014077027"
memory f-3,3,0,"14.111487102487525, 121.5503906947539","14.111472145193982, 121.55040544690426","14.111492305024173, 121.55042422236832","14.111508562950451, 121.55041282297944"
memory f-3,4,0,"14.111513115169606, 121.55041818739774","14.111494255975396, 121.55043495120495","14.111514415803628, 121.55045640887818","14.111530023411357, 121.55044769169844"
memory f-3,5,1,"14.11146369107112, 121.55041014077027","14.111439629335086, 121.5504369628618","14.11145588726512, 121.55045976163962","14.11148450121915, 121.55043428065267"
memory f-3,6,0,"14.111491004390023, 121.5504369628618","14.111460439485317, 121.55046713771479","14.111476697413874, 121.55048658373116","14.111502059780074, 121.55045842053505"
memory f-3,7,1,"14.11142922425926, 121.55044165672784","14.11140126061561, 121.55047116102854","14.11141816886567, 121.55049261870177","14.111449384093241, 121.55046579661023"
memory f-3,8,1,"14.111445482190028, 121.55048121931284","14.111437028066177, 121.55049060704489","14.111453285996387, 121.55051340582271","14.111465642022587, 121.55050602974754"
memory f-3,9,0,"14.111392806490118, 121.55047518434228","14.1113687447466, 121.5505020064338","14.11138825426857, 121.5505248052116","14.111410365058102, 121.55049932422465"
memory f-3,10,0,"14.111414266961924, 121.55050401809066","14.111392806490118, 121.55052815797305","14.11141881918296, 121.55055296840771","14.111437678383405, 121.55053687515282"
memory f-3,11,0,"14.11135638871516, 121.55049865367236","14.111338830143012, 121.55053016962992","14.111357039032617, 121.55055498006459","14.111383051729545, 121.55052882852533"
memory f-3,12,1,"14.11138760395119, 121.55053352239136","14.111361591254798, 121.55055766227375","14.111386303316444, 121.55058783712674","14.111414917279214, 121.5505657089012"
memory f-3,13,0,"14.111322572204635, 121.55053687515282","14.111304363312273, 121.5505603444829","14.111323872839739, 121.55058783712674","14.111349885540443, 121.5505603444829"
memory f-3,14,1,"14.111354437762767, 121.55056839111037","14.111328425062581, 121.55059253099274","14.111351186175408, 121.55062136474115","14.111380450459972, 121.55059454264959"
memory f-3,15,0,"14.11129395822778, 121.5505670500029","14.11126599456753, 121.55059454264672","14.11128875568659, 121.55062136473826","14.111315418708877, 121.55059454264672"
memory f-3,16,1,"14.111320621249453, 121.5505958837513","14.111294608545402, 121.55062538805198","14.11131411807372, 121.55064818682979","14.111342732045552, 121.5506260586043"
memory f-3,17,0,"14.111259491390244, 121.55059990706503","14.111232828361397, 121.55062337639514","14.111254939166027, 121.55064818682979","14.111279000921554, 121.55062404694742"
memory f-3,18,1,"14.111284853780631, 121.55062807026114","14.111259491390244, 121.55065221014353","14.11128160219227, 121.55067970278736","14.111309565850597, 121.5506542218004"
memory f-3,19,1,"14.111226975501006, 121.55062941136573","14.11119771119672, 121.55065891566643","14.111217871051185, 121.5506843966534","14.111247135352876, 121.55065690400957"
memory f-3,20,1,"14.111252988212767, 121.55066159787557","14.11122177295829, 121.55069110217626","14.11124518439954, 121.5507132304018","14.111275749333128, 121.5506890905194"
,,,,,,
Map Family F-3,1,0,"14.111602858906132, 121.55046981992179","14.11159635573844, 121.55047585489235","14.111610012390363, 121.55049261869958","14.111615865240932, 121.5504845720721"
Map Family F-3,2,1,"14.111626270308236, 121.55044903280081","14.111615865240932, 121.55045774998057","14.111630172208354, 121.55047250213092","14.111635374741747, 121.55046847881718"
Map Family F-3,3,1,"14.11164708044143, 121.5504315984413","14.111632123158383, 121.55044366838251","14.111644479174888, 121.55046043218974","14.111658135823912, 121.55044635059166"
Map Family F-3,4,0,"14.111661387406892, 121.55041483463413","14.111652933291042, 121.55042556347074","14.111663988673246, 121.55044366838251","14.11167699500456, 121.5504315984413"
Map Family F-3,5,1,"14.111681547220341, 121.5503974002746","14.111671792472123, 121.55040745855894","14.111685449119518, 121.55042556347074","14.111696504500133, 121.55041148187264"
Map Family F-3,6,1,"14.111704308297902, 121.55037661315365","14.1116984554496, 121.55038264812426","14.111711461778944, 121.55040276469292","14.111719265576205, 121.55039404751315"
Map Family F-3,7,1,"14.11172511842396, 121.55039941193148","14.111713412728284, 121.55040947021581","14.111722517158308, 121.55042422236613","14.11173357253714, 121.55041751684325"
Map Family F-3,8,1,"14.11170560893083, 121.55041215242495","14.111687400069064, 121.55042824567987","14.111691952284655, 121.55044635059166","14.11170560893083, 121.55043361009818"
Map Family F-3,9,0,"14.111680896903815, 121.55043495120276","14.111666589939572, 121.5504443389348","14.111675694371467, 121.5504624438466","14.111682197536883, 121.55044836224853"
Map Family F-3,10,0,"14.111663338356667, 121.55044836224853","14.111645779808159, 121.5504664671603","14.111661387406892, 121.55047719599696","14.111670491838991, 121.55046311439887"
Map Family F-3,11,0,"14.111641227591653, 121.55047116102635","14.11163342379173, 121.55047786654923","14.11164252822496, 121.55048993649042","14.111650982341194, 121.55048121931065"
Map Family F-3,12,1,"14.111618466507805, 121.55048792483356","14.111608711756878, 121.55049530090874","14.111619116824512, 121.55051206471592","14.111630822525035, 121.55050468864079"
Map Family F-3,13,1,"14.11163407410841, 121.55050871195448","14.111626920624929, 121.55051675858196","14.111643178541602, 121.55053553404605","14.111650332024563, 121.55052748741858"
Map Family F-3,14,0,"14.111643828858245, 121.55049463035645","14.111639926958366, 121.55050535919305","14.111654884240894, 121.55052413465714","14.111665289306416, 121.55050804140222"
Map Family F-3,15,0,"14.111675694371467, 121.55047183157862","14.111658135823912, 121.55048725428125","14.111673093105242, 121.55050401808847","14.111686099436035, 121.55048792483356"
Map Family F-3,16,0,"14.111686099436035, 121.550461102742","14.111676344688005, 121.55047384323548","14.111688050385592, 121.55048725428125","14.111699105766089, 121.55047786654923"
Map Family F-3,17,1,"14.111716664310489, 121.55043696285964","14.111709510829604, 121.55044500948709","14.11172121652547, 121.55046311439887","14.111727719689586, 121.55045640887599"
Map Family F-3,18,1,"14.111738124751788, 121.55041885794782","14.111730320955177, 121.55042556347074","14.111743327282724, 121.55044702114397","14.111752431711542, 121.55043964506879"
Map Family F-3,19,0,"14.11175698392582, 121.55044299783022","14.111745928548123, 121.55045104445769","14.11176023550739, 121.55046847881718","14.111766088354102, 121.55045774998057"
Map Family F-3,20,1,"14.1117400757009, 121.55045506777142","14.111735523486276, 121.55046378495118","14.111745928548123, 121.5504792076538","14.111754382660527, 121.55047183157862"
Map Family F-3,21,0,"14.111721866841895, 121.55047049047404","14.11170690956376, 121.55048926593813","14.111717314626915, 121.55050334753618","14.111734222853514, 121.55048725428125"
Map Family F-3,22,1,"14.111699105766089, 121.55049328925186","14.111691952284655, 121.5505013358793","14.11170560893083, 121.55051675858196","14.111714063044735, 121.55051072361135"
Map Family F-3,23,1,"14.11167699500456, 121.55051340582052","14.111670491838991, 121.55052212300028","14.111686099436035, 121.55053620459832","14.11169325291766, 121.55052949907545"
Map Family F-3,24,1,"14.111656835190704, 121.55053218128458","14.111651632657809, 121.55054022791207","14.111664638989836, 121.55055699171928","14.111673093105242, 121.5505502861964"
Map Family F-3,25,0,"14.111678295637653, 121.5505543095101","14.111668540889294, 121.55056101503301","14.111680896903815, 121.5505737555265","14.111686099436035, 121.55056772055589"
Map Family F-3,26,0,"14.111695203867141, 121.55053553404605","14.111688700702107, 121.55054022791207","14.111697805133122, 121.55055296840553","14.111702357348486, 121.55054626288266"
Map Family F-3,27,0,"14.11171601399405, 121.55051474692509","14.111706259247295, 121.55052212300028","14.111719265576205, 121.55053821625519","14.111722517158308, 121.55052748741858"
Map Family F-3,28,0,"14.111743977599062, 121.55049261869958","14.111722517158308, 121.55051139416365","14.11173357253714, 121.55052882852314","14.111753082027876, 121.55050401808847"
Map Family F-3,29,0,"14.111757634242132, 121.55047652544465","14.111749830446206, 121.55048256041525","14.111757634242132, 121.55049798311786","14.111765438037803, 121.55048859538584"
Map Family F-3,30,0,"14.111769339935543, 121.5504617732943","14.111761536140001, 121.55047116102635","14.111769990251819, 121.55048256041525","14.111780395312087, 121.55046914936948"
Map Family F-3,31,1,"14.111801205431222, 121.55048390151981","14.111794051952982, 121.5504906070427","14.111805757644511, 121.55050737084991","14.111818113651601, 121.55050066532704"
Map Family F-3,32,0,"14.111786898474525, 121.55049530090874","14.111766738670388, 121.55051608802967","14.111784297209573, 121.55052748741858","14.111797953850227, 121.55051407637279"
Map Family F-3,33,0,"14.111760885823703, 121.55051474692509","14.11173357253714, 121.55052681686628","14.111746578864484, 121.55055699171928","14.11177129088439, 121.55052681686628"
Map Family F-3,34,0,"14.111735523486276, 121.55053888680747","14.11171796494334, 121.55055162730096","14.111735523486276, 121.55056973221275","14.111751131078881, 121.5505496156441"
Map Family F-3,35,0,"14.111714713361174, 121.5505556506147","14.111695203867141, 121.55056705000358","14.111714713361174, 121.55058716657224","14.111730320955177, 121.55056772055589"
Map Family F-3,36,0,"14.111695854183644, 121.55057308497419","14.111680896903815, 121.5505838138108","14.111699756082567, 121.55060191872259","14.111713412728284, 121.55058850767684"
Map Family F-3,37,1,"14.111716664309776, 121.55059722485605","14.111703007664262, 121.55060728314037","14.111719915891932, 121.55062807026133","14.111734873169203, 121.5506166708724"
Map Family F-3,38,1,"14.111735523485578, 121.55057576718282","14.11172251715761, 121.55059118988544","14.11173812475109, 121.55061264755867","14.111755683292472, 121.55059655430375"
Map Family F-3,39,1,"14.111758284557757, 121.55055967392788","14.111750480761831, 121.55056637945079","14.11176413740452, 121.55058381381028","14.111771941199963, 121.55057777883967"
Map Family F-3,40,0,"14.111781045627646, 121.55053218128405","14.111767388985987, 121.55055095674813","14.111783646892638, 121.55056906165993","14.111799904798115, 121.55055162730044"
Map Family F-3,41,1,"14.11179730353333, 121.55052078189517","14.11179210100364, 121.55053016962718","14.11180380669527, 121.55054894509126","14.111812911121683, 121.55053687515007"
Map Family F-3,42,0,"14.11182201554774, 121.55050468864023","14.11180770859235, 121.55052078189517","14.111819414283179, 121.55053419294092","14.11183632250221, 121.55052212299974"
,,,,,,
Map Family F-4,1,1,"14.11145133504902, 121.55060527148267","14.111458488538009, 121.55059655430289","14.111472795515304, 121.55061331811011","14.111484501223348, 121.55060594203492"
Map Family F-4,2,1,"14.111483850906248, 121.55057241442051","14.111473445832445, 121.55058180215254","14.111489053442984, 121.55059923651206","14.111499458516079, 121.55059253098918"
Map Family F-4,3,0,"14.111500759150175, 121.55056302668848","14.11148710249171, 121.55056906165906","14.111500108833125, 121.55058448436169","14.111511814539757, 121.55057777883883"
Map Family F-4,4,1,"14.111514415807825, 121.550550286195","14.111505961686516, 121.55056034447931","14.111518317709853, 121.55057643773424","14.111526771830691, 121.5505683911068"
Map Family F-4,5,1,"14.111533925317316, 121.5505321812832","14.11152482087976, 121.55053955735836","14.111539127852895, 121.55055699171787","14.111544980705293, 121.550550286195"
Map Family F-4,6,1,"14.11155278450823, 121.5505147469237","14.111542379437582, 121.55052346410343","14.11155668640961, 121.55053888680608","14.111567091479625, 121.55053352238778"
Map Family F-4,7,0,"14.111572944331296, 121.55049530090734","14.111559287677158, 121.55050938250538","14.111572944331296, 121.55052279355118","14.111585950667802, 121.55050938250538"
Map Family F-4,8,1,"14.11159570542013, 121.55051608803747","14.111582699084172, 121.55052279356035","14.1115963557369, 121.55054156902445","14.111603509221336, 121.55053352239696"
Map Family F-4,9,0,"14.11157099338118, 121.55053352239696","14.11156253926197, 121.55054291012901","14.111571643698024, 121.55055833283163","14.111582699084172, 121.55055028620417"
Map Family F-4,10,1,"14.111548882607208, 121.55055498007019","14.111543029754923, 121.55056302669766","14.11155798704381, 121.55057710829571","14.111563839895712, 121.55057241442971"
Map Family F-4,11,1,"14.111531324049896, 121.55057442608657","14.111524170563195, 121.55058113160945","14.111539127853316, 121.55059923652124","14.11154433038878, 121.55059253099837"
Map Family F-4,12,0,"14.111514415808246, 121.55058381381862","14.111505311369902, 121.55058850768462","14.111522219612237, 121.55061063591015","14.111532624683816, 121.55060258928268"
Map Family F-4,13,0,"14.111504010735471, 121.55059118989018","14.111493605662583, 121.55060527148825","14.111507912637691, 121.55062136474317","14.111518968026916, 121.5506133181157"
Map Family F-4,14,1,"14.111487102492244, 121.55061063590455","14.111481899955482, 121.55062002363658","14.111492305028893, 121.5506367874438","14.111502710101858, 121.55062807026404"
Map Family F-4,15,1,"14.111510513906255, 121.55063477578693","14.111505311370003, 121.55064081075751","14.111517017076379, 121.55065623346017","14.111523520246323, 121.5506495279373"
Map Family F-4,16,0,"14.111526121514252, 121.55061734142743","14.111513765491349, 121.55062739971176","14.111527422148198, 121.55064148130981","14.11153912785343, 121.55063410523464"
Map Family F-4,17,0,"14.11153912785343, 121.55061264756142","14.11153067373305, 121.55061532977057","14.111540428487311, 121.55063276413007","14.111551483874972, 121.55062002363658"
Map Family F-4,18,0,"14.111552134191868, 121.5505958837542","14.11154172912118, 121.55060325982937","14.111550183241153, 121.55062002363658","14.111557987043925, 121.55061063590455"
Map Family F-4,19,0,"14.111570993381283, 121.55057442608097","14.111560588311447, 121.55058180215615","14.111570343064436, 121.55059923651564","14.111577496549687, 121.55058917823132"
Map Family F-4,20,1,"14.111588551935554, 121.55055363896003","14.111580748133825, 121.5505616855875","14.111597656370552, 121.55057979049927","14.111603509221439, 121.55057308497638"
Map Family F-4,21,1,"14.11161196333912, 121.55053620460053","14.111603509221439, 121.55054291012341","14.11161716587293, 121.5505603444829","14.111622368406614, 121.55055363896003"
Map Family F-4,22,1,"14.111628871573773, 121.55055900337635","14.111623018723536, 121.55056369724235","14.111634724423858, 121.55057911994498","14.111643828857037, 121.55057174386982"
Map Family F-4,23,1,"14.111608061438925, 121.55057777884042","14.111602858904922, 121.55058314325873","14.111615865239724, 121.55060258927509","14.111625619990333, 121.55059521319991"
Map Family F-4,24,1,"14.111589852569372, 121.55059588375221","14.111582699084503, 121.55060191872282","14.111594404786898, 121.55061801197775","14.111602208588153, 121.55061130645484"
Map Family F-4,25,1,"14.111569042430961, 121.55061264755943","14.11156123862856, 121.55062069418688","14.11157424496574, 121.55063946965096","14.111583349401323, 121.55063142302349"
Map Family F-4,26,1,"14.111561888945431, 121.55063410523265","14.111556686410372, 121.55063946965096","14.111565140529787, 121.5506481868307","14.111570343064665, 121.55064483406926"
Map Family F-4,27,1,"14.11155083355828, 121.55063477578496","14.111545631022967, 121.55064081075552","14.111556036093477, 121.55065690401047","14.111563839896055, 121.55065153959214"
Map Family F-4,28,1,"14.111528722782372, 121.55065221014445","14.111523520246541, 121.55066092732419","14.111535225951988, 121.55068037334057","14.11154368007219, 121.55066830339936"
Map Family F-4,29,0,"14.11154758197372, 121.5506716561608","14.11153717690283, 121.55068104389285","14.11154953292446, 121.55069579604319","14.11156123862856, 121.55068573775888"
Map Family F-4,30,1,"14.111569692747807, 121.55065288069675","14.11156058831169, 121.55066092732419","14.111569692747807, 121.55067903223598","14.111580748134054, 121.55067232671308"
Map Family F-4,31,0,"14.11157879718357, 121.55064483406926","14.111573594648908, 121.55065086903987","14.111587251302169, 121.5506662917425","14.111591153202962, 121.55066159787648"
Map Family F-4,32,1,"14.111587251302169, 121.55063678744182","14.111581398450863, 121.55064215186013","14.11159505510368, 121.55066025677192","14.111602208588153, 121.55065489235362"
Map Family F-4,33,1,"14.111606760805437, 121.55061398866401","14.111600257637859, 121.55062605860519","14.111615214922994, 121.55064215186013","14.111623669040243, 121.55063477578496"
Map Family F-4,34,1,"14.111628871573773, 121.55059856596135","14.111619767140008, 121.55060393037965","14.111631472840495, 121.55062471750063","14.111644479173666, 121.55061667087314"
Map Family F-4,35,0,"14.11164903139011, 121.55058046104958","14.11163667537386, 121.55058850767703","14.111652933289822, 121.55060527148426","14.111654884239659, 121.55059051933391"
Map Family F-4,36,0,"14.11166724025493, 121.55060191872282","14.1116574855061, 121.55061600032087","14.111672442787468, 121.55063075247122","14.11168219753566, 121.55061734142544"
Map Family F-4,37,1,"14.111648381073469, 121.55062203529147","14.111641227590441, 121.55062941136664","14.1116574855061, 121.55064617517384","14.111665939621771, 121.5506381285464"
Map Family F-4,38,1,"14.111628871573773, 121.55064148130784","14.111623669040243, 121.55064684572613","14.111634724423858, 121.55066495063792","14.111643178540394, 121.55065690401047"
Map Family F-4,39,1,"14.111611963339362, 121.55065891566731","14.111602208588153, 121.55066293898106","14.111613914289544, 121.55068238499744","14.111622368406831, 121.55067567947452"
Map Family F-4,40,1,"14.111587901618975, 121.55067567947452","14.11157879718357, 121.55068506720657","14.11159310415332, 121.5507011604615","14.111600257637859, 121.55069579604319"
Map Family F-4,41,1,"14.111569042430961, 121.55069445493862","14.11156123862856, 121.5507011604615","14.111579447500402, 121.55071792426872","14.111586600985374, 121.55071323040272"
Map Family F-4,42,1,"14.111544980706045, 121.55071054819355","14.111537827219765, 121.55072328868701","14.111550183241384, 121.55073804083737","14.111559937994805, 121.55073066476218"
Map Family F-4,43,1,"14.111565140529787, 121.55073535862823","14.111556036093477, 121.5507413935988","14.111570343064665, 121.5507601690629","14.111580748134054, 121.55075212243541"
Map Family F-4,44,0,"14.111589852569372, 121.550718594821","14.111574895282583, 121.5507313353145","14.111585300351758, 121.55074608746484","14.111597656370781, 121.5507313353145"
Map Family F-4,45,0,"14.111610012389143, 121.55069311383406","14.11159570542046, 121.55070250156608","14.11160611048868, 121.55072127703016","14.111618466506584, 121.55071255985041"
Map Family F-4,46,1,"14.111626270307026, 121.55067903223598","14.111619116823302, 121.55068372610201","14.11163667537386, 121.55070451322294","14.111643828857037, 121.55069847825236"
Map Family F-4,47,1,"14.111647080440207, 121.55065958621962","14.111638626323838, 121.5506662917425","14.111655534556274, 121.55068909052031","14.111665289305195, 121.5506783616837"
Map Family F-4,48,1,"14.111668540888072, 121.55064215186013","14.111662688038868, 121.5506481868307","14.1116737434206, 121.55066495063792","14.111682847852203, 121.55066025677192"
Map Family F-4,49,1,"14.111688700700897, 121.55062404694831","14.11168219753566, 121.55062672915747","14.111699105764881, 121.55064751627843","14.111708210195465, 121.55064014020326"
,,,,,,
Map Family F-5,1,1,"14.111303712997943, 121.55074876966574","14.111295258868838, 121.55075614574089","14.111309565856388, 121.55077223899583","14.111314768397094, 121.55076620402524"
Map Family F-5,2,1,"14.111322572207918, 121.55073066475391","14.111316719349832, 121.55073737027683","14.111330376018488, 121.55075279297945","14.111337529511282, 121.55074541690428"
Map Family F-5,3,1,"14.111344032686354, 121.55071188928986","14.111356388718455, 121.55070116045326","14.111366793797615, 121.5507152420513","14.111375247924077, 121.55070786597614"
Map Family F-5,4,1,"14.111379800145889, 121.55067232670483","14.111355088083544, 121.55070183100553","14.111369395067328, 121.5507152420513","14.111377849193698, 121.55070987763301"
Map Family F-5,5,1,"14.111377198876294, 121.55067165615256","14.111370045384756, 121.55067970278002","14.111403861888233, 121.55067702057086","14.111413616647928, 121.55067366780942"
Map Family F-5,6,1,"14.111400610301576, 121.55065422179304","14.111394107128135, 121.55065958621135","14.111405812840209, 121.55067836167542","14.111412966330626, 121.55067165615256"
Map Family F-5,7,1,"14.111419469503534, 121.55063410522438","14.111413616647928, 121.55063879909042","14.111424021724467, 121.55066025676365","14.111433776483295, 121.55065288068847"
Map Family F-5,8,1,"14.111446782827741, 121.55065757455448","14.111433776483295, 121.55066025676365","14.111442230607278, 121.55068171443686","14.111454586634062, 121.55067232670483"
Map Family F-5,9,0,"14.111424021724467, 121.55067567946627","14.111406463157538, 121.5506850671983","14.111419469503534, 121.55069981934865","14.111427273310795, 121.55069244327348"
Map Family F-5,10,1,"14.111400610301576, 121.55069445493035","14.111392806493424, 121.55070116045326","14.111402561253575, 121.55071725370817","14.111411015378714, 121.55071188928986"
Map Family F-5,11,1,"14.111380450463281, 121.55071323039442","14.111374597606671, 121.55072060646962","14.111386303319751, 121.55074005248596","14.111394757445488, 121.55073334696309"
Map Family F-5,12,1,"14.11136289189298, 121.55073200585852","14.111353787448591, 121.5507393819337","14.111366793797615, 121.55075346353175","14.111374597606671, 121.55074541690428"
Map Family F-5,13,1,"14.111341431416351, 121.55075011077031","14.111331026336044, 121.55075547518862","14.111344683003848, 121.55077223899583","14.111349885543753, 121.55076821568208"
Map Family F-5,14,1,"14.111322572207918, 121.55076955678668","14.111311516809163, 121.55077626230955","14.111318670302543, 121.5507923555645","14.111332977288617, 121.55078699114618"
Map Family F-5,15,1,"14.11134078109883, 121.55079168501219","14.111332977288617, 121.5507970494305","14.111345333321342, 121.55081582489457","14.111355088083544, 121.55080978992397"
Map Family F-5,16,1,"14.11135964030575, 121.55076955678668","14.111351836496185, 121.55077760341413","14.111362241575538, 121.55079570832592","14.111371996337011, 121.55078967335533"
Map Family F-5,17,1,"14.111383702050219, 121.55075547518862","14.111375247924077, 121.55076419236836","14.11138500268499, 121.55077693286184","14.111391505858691, 121.55077022733896"
Map Family F-5,18,1,"14.111400610301576, 121.55073602917223","14.111392156176068, 121.55074541690428","14.111405812840209, 121.55076151015922","14.11141426696522, 121.55074944021801"
Map Family F-5,19,1,"14.111418819186255, 121.55071591260358","14.11141231601332, 121.55072328867875","14.111425972676265, 121.55074005248596","14.111433126166045, 121.55073200585852"
Map Family F-5,20,1,"14.11145848853712, 121.55071859481275","14.111452635682506, 121.55072597088791","14.111463040757265, 121.55074273469513","14.111470844563026, 121.55073468806766"
Map Family F-5,21,1,"14.111479949002732, 121.55070116045326","14.111473445831539, 121.55070786597614","14.111463691074416, 121.55074273469513","14.111515066123932, 121.55073737027683"
Map Family F-5,22,1,"14.111499458515187, 121.55071993591731","14.111494255978691, 121.55076553347293","14.111528722780719, 121.5507621807115","14.11153847753507, 121.55075882795006"
Map Family F-5,23,1,"14.111498808198123, 121.55075748684547","14.111490354076256, 121.55076486292066","14.111503360417469, 121.55078162672788","14.111513765489912, 121.5507782739664"
Map Family F-5,24,1,"14.111480599319844, 121.55077626230955","14.1114688936116, 121.55078565004158","14.111481899954057, 121.55080308440111","14.111489053442082, 121.55079302611675"
Map Family F-5,25,1,"14.111420770138091, 121.55075279297945","14.11141231601332, 121.55076553347293","14.111403211570906, 121.55079369666906","14.11141231601332, 121.55079034390762"
Map Family F-5,26,1,"14.11139735871488, 121.55077156844352","14.111390205223968, 121.55078028562328","14.111402561253575, 121.55079839053506","14.111413616647928, 121.55079168501219"
Map Family F-5,27,1,"14.111378499511092, 121.55079168501219","14.111370695702176, 121.55079906108736","14.11138500268499, 121.55081783655145","14.111390205223968, 121.5508091193717"
Map Family F-5,28,0,"14.111360940940648, 121.55081448379","14.111353137131136, 121.55082118931288","14.111358989988293, 121.55083527091094","14.111368744749909, 121.55082588317889"
Map Family F-5,29,1,"14.111393456810779, 121.55085203471816","14.111371996337011, 121.55083929422467","14.11138305173284, 121.55085739913646","14.111390205223968, 121.55085002306129"
Map Family F-5,30,1,"14.111395407762842, 121.55081314268541","14.111392156176068, 121.55082253041745","14.111403211570906, 121.5508372825678","14.111412966330626, 121.55082856538806"
Map Family F-5,31,1,"14.111416217917105, 121.55079101445989","14.111408414109475, 121.55080174329652","14.111421420455368, 121.55081649544688","14.111431825531566, 121.55080710771483"
Map Family F-5,32,0,"14.111440929972822, 121.55077559175727","14.111432475848817, 121.55078296783245","14.111440279655607, 121.55079906108736","14.111452635682506, 121.55079034390762"
Map Family F-5,33,1,"14.111457838219941, 121.55075614574089","14.111449384096547, 121.5507621807115","14.111461089805774, 121.55078497948931","14.111472795514416, 121.55077156844352"
Map Family F-5,34,1,"14.111479949002732, 121.55073804082909","14.111470844563026, 121.55074541690428","14.111484501222444, 121.55076486292066","14.111492305027468, 121.55075748684547"
Map Family F-5,35,1,"14.111498157881076, 121.55072060646962","14.111491654710404, 121.55072798254479","14.11150661200265, 121.5507434052474","14.111515716440945, 121.55073804082909"
Map Family F-5,36,1,"14.111516366757956, 121.55074474635201","14.11151246485589, 121.55074675800887","14.111526121512815, 121.55076486292066","14.111535876267281, 121.55075614574089"
Map Family F-5,37,1,"14.111494255978691, 121.55075882795006","14.111491654710404, 121.55076486292066","14.111502710100433, 121.55078229728014","14.111511164221856, 121.55077626230955"
Map Family F-5,38,1,"14.111477347734281, 121.55077760341413","14.11147019424589, 121.55078833225075","14.111481899954057, 121.5508024138488","14.111489703759169, 121.55079503777363"
Map Family F-5,39,1,"14.111457838219941, 121.55079369666906","14.111448083462145, 121.55080509605796","14.111456537585603, 121.55082320096975","14.111472145197288, 121.55080978992397"
Map Family F-5,40,1,"14.111435727435003, 121.55081247213313","14.111425972676265, 121.55082118931288","14.111440279655607, 121.55084130588155","14.111451985365319, 121.55083392980637"
Map Family F-5,41,0,"14.111418819186255, 121.5508319181495","14.111407763792158, 121.55084667029985","14.111413616647928, 121.55086276355478","14.111429874579805, 121.55084734085216"
Map Family F-5,42,1,"14.111394757445488, 121.55085337582273","14.1113876039545, 121.55085874024104","14.111401260618917, 121.55087952736199","14.111409714744095, 121.5508714807345"
Map Family F-5,43,1,"14.11141426696522, 121.5508714807345","14.11140516252288, 121.55088220957116","14.111416217917105, 121.55090031448293","14.111428573945302, 121.55088958564633"
Map Family F-5,44,1,"14.111434426800537, 121.55085136416585","14.111427273310795, 121.5508607518979","14.111440929972822, 121.55087885680967","14.111450684730938, 121.5508714807345"
Map Family F-5,45,1,"14.111455236951237, 121.55083392980637","14.111446132510538, 121.55084264698611","14.111461089805774, 121.55085941079334","14.11146824329446, 121.55085270527044"
Map Family F-5,46,1,"14.111478648368506, 121.55081783655145","14.111471494880151, 121.55082655373118","14.111483850905358, 121.55084197643384","14.111492955344554, 121.55083661201554"
Map Family F-5,47,1,"14.111496857246951, 121.55079839053506","14.11148710249082, 121.55080375495338","14.111501409466333, 121.55082320096975","14.111511164221856, 121.55081649544688"
Map Family F-5,48,1,"14.111517667391952, 121.55078296783245","14.111509213270772, 121.55078766169845","14.111524170561871, 121.55080509605796","14.111528722780719, 121.55080040219194"
Map Family F-5,49,0,"14.11153847753507, 121.55076553347293","14.111530023414652, 121.55077760341413","14.111537827218111, 121.55079302611675","14.111548232288989, 121.55078095617557"
,,,,,,
"Memory Area BLK, 6 ",1,1,"14.111312515577314, 121.55089998736729","14.111303411131132, 121.55090803399405","14.1113170678006, 121.55092479780127","14.11132682256401, 121.55091608062152"
"Memory Area BLK, 6",2,0,"14.111345681772073, 121.55091943338296","14.111326172246466, 121.55093753829473","14.111353485581843, 121.55096436038627","14.111370393835438, 121.55094759657909"
"Memory Area BLK, 6",3,1,"14.111287803507881, 121.55092479780127","14.111275447472051, 121.55093284442873","14.111291055096153, 121.55095094934052","14.111299509225427, 121.55094156160848"
"Memory Area BLK, 6",4,0,"14.11131641748303, 121.55094558492222","14.111300809860671, 121.55096167817715","14.11132682256401, 121.5509871591641","14.111345031454567, 121.55097508922292"
"Memory Area BLK, 6",5,0,"14.111266993341925, 121.55093820884485","14.11124553285625, 121.55095832541352","14.111262441117862, 121.55098380640047","14.111285202237278, 121.55096637204096"
"Memory Area BLK, 6",6,1,"14.111291705413839, 121.5509703953547","14.11127024493048, 121.55099051192335","14.111294957002038, 121.5510226984332","14.11131836843578, 121.55099654689396"
"Memory Area BLK, 6",7,0,"14.111229972501652, 121.55095725041309","14.111207861694604, 121.55097870808633","14.111232573772915, 121.55100821238702","14.11125598521306, 121.55099278968439"
"Memory Area BLK, 6",8,0,"14.111261838072723, 121.55099346023668","14.111241678222152, 121.55101022404389","14.111268341249945, 121.55104106944917","14.111289151415823, 121.55102430564195"
"Memory Area BLK, 6",9,0,"14.111200057879836, 121.55098206084776","14.111179898023794, 121.55100217741641","14.111204610105146, 121.55103637558312","14.111230622819466, 121.55101290625302"
"Memory Area BLK, 6",10,1,"14.111236475679778, 121.55101424735763","14.11121046296612, 121.55103972834458","14.111237776315377, 121.55106923264526","14.1112663902968, 121.55104643386746"
"Memory Area BLK, 6",11,0,"14.111174045162029, 121.55100284796872","14.111148682759314, 121.55102028232821","14.111187701839249, 121.55105917436094","14.111203959787257, 121.55104241055373"
"Memory Area BLK, 6",12,1,"14.111207861694604, 121.55104643386746","14.1111922540648, 121.55106520933155","14.111214364873366, 121.55108934921391","14.111232573772915, 121.55107258540673"
"Memory Area BLK, 6",13,1,"14.111152584666584, 121.5510330228193","14.111129173215831, 121.55105246883564","14.111158437528907, 121.55108599645008","14.111183799930528, 121.55106453877684"
"Memory Area BLK, 6",14,1,"14.111184450248492, 121.55106789153828","14.111162339437042, 121.55108867865923","14.111191603745857, 121.55111617130305","14.111214364872348, 121.55109404307753"
"Memory Area BLK, 6",15,0,"14.111123970670876, 121.55105917435853","14.111096006989417, 121.5510786203739","14.111125921624874, 121.55111147743604","14.111146731803753, 121.5510900197628"
"Memory Area BLK, 6",16,1,"14.111154535620342, 121.55109203141967","14.111136326714542, 121.5511134890929","14.111161038800628, 121.55114232284129","14.111183799930172, 121.55112019461579"
"Memory Area BLK, 6",17,0,"14.111097957944915, 121.55108331423827","14.111075847125067, 121.55110812467294","14.111103160490444, 121.55113293510763","14.111122019717017, 121.55111483019583"
"Memory Area BLK, 6",18,1,"14.11112268800354, 121.55112539895424","14.111116184822158, 121.55113411613398","14.111127890548508, 121.55115155049347","14.111135044047654, 121.55114283331373"
"Memory Area BLK, 6",19,0,"14.111075214775187, 121.55110662349016","14.111059607136315, 121.55111936398363","14.11109277336765, 121.5511455155229","14.11110187782247, 121.55113277502942"
"Memory Area BLK, 6",20,1,"14.111107080367912, 121.55114082165686","14.111099926867888, 121.55114886828434","14.111116835140301, 121.55116429098696","14.111123338321658, 121.5511569149118"
"Memory Area BLK, 6",21,1,"14.111064809680746, 121.55112942226634","14.111055705224452, 121.55113880999839","14.111070662545321, 121.55115490325332","14.11107976700102, 121.55114685662586"
"Memory Area BLK, 6",22,1,"14.111093423683887, 121.55115423270105","14.111088221138129, 121.55116160877621","14.111101877820488, 121.55117837258344","14.111107080365926, 121.55117032595595"
"Memory Area BLK, 6",23,0,"14.111040747902448, 121.55113411613232","14.111025790579633, 121.55115423270095","14.111048551722675, 121.55118172534479","14.11106806127205, 121.55116429098527"
"Memory Area BLK, 6",24,1,"14.111077816046107, 121.55116898485132","14.111057005860943, 121.55118776031537","14.11108106763737, 121.55121592351149","14.111102528138527, 121.55119580694284"
"Memory Area BLK, 6",25,1,"14.111021888669171, 121.55116429098527","14.110999777841943, 121.55118306644937","14.111021888669171, 121.55121257075005","14.111043999494258, 121.55118977197223"
"Memory Area BLK, 6",26,1,"14.111047901404342, 121.55119647749511","14.111028391853235, 121.55121592351149","14.11105440458767, 121.55124341615533","14.111075865091335, 121.55122262903437"
"Memory Area BLK, 6",27,0,"14.110997176568008, 121.55119111307681","14.110971163827049, 121.55121055909319","14.110995225612534, 121.55124073394616","14.111021238350748, 121.55121659406377"
"Memory Area BLK, 6",28,1,"14.111021888669171, 121.5512219584821","14.111001728797364, 121.5512440867076","14.111028391853235, 121.55126956769459","14.111047901404342, 121.55125012167821"
,,,,,,
"Memory Area BLK, 7",1,1,"14.111240395555386, 121.55080688662287","14.111216333795792, 121.55082968540064","14.111244947779896, 121.5508612013582","14.11126965985419, 121.55083974368499"
"Memory Area BLK, 7",2,1,"14.111271610807323, 121.5508451081033","14.111253401910886, 121.55086187191051","14.111275512713497, 121.55088869400204","14.111297623513982, 121.55086924798569"
"Memory Area BLK, 7",3,0,"14.11121178157071, 121.55083504981894","14.111189020443963, 121.55085382528304","14.11121958538507, 121.5508846706883","14.111237143966413, 121.55086522467194"
"Memory Area BLK, 7",4,0,"14.111241045873188, 121.55086991853797","14.11122088602077, 121.55089942283865","14.111248199368783, 121.55092222161647","14.11126965985419, 121.55089674062953"
"Memory Area BLK, 7",5,0,"14.111185768854252, 121.55085114307387","14.111163658042916, 121.55087260074713","14.11119357266949, 121.55090478725697","14.111214382842189, 121.5508853412406"
"Memory Area BLK, 7",6,0,"14.111214382842189, 121.55089271731578","14.111194222987418, 121.55090948112299","14.1112260885635, 121.55094233818514","14.111245598097673, 121.5509195394073"
"Memory Area BLK, 7",7,1,"14.111163658042916, 121.55088064737457","14.111140896911348, 121.55090210504781","14.11116625931494, 121.55092892713935","14.111187719808083, 121.55091283388442"
"Memory Area BLK, 7",8,1,"14.11119357266949, 121.55091685719817","14.111170161222947, 121.55093965597597","14.111196824259101, 121.55096916027667","14.111222186656459, 121.5509497142603"
"Memory Area BLK, 7",9,1,"14.11113374341241, 121.55090814001841","14.111117485459387, 121.55092691548248","14.111142847865587, 121.5509557492309","14.11116105677085, 121.55093697376681"
"Memory Area BLK, 7",10,0,"14.111162357406883, 121.55094434984201","14.111148050410097, 121.5509611136492","14.111173412812889, 121.55099061794989","14.11119162171571, 121.55097452469496"
"Memory Area BLK, 7",11,1,"14.111107080367681, 121.55092959769212","14.111090172094544, 121.55095172591763","14.111114233867475, 121.55098391242747","14.111134393729317, 121.55096312530654"
"Memory Area BLK, 7",12,1,"14.111140896910177, 121.55096513696338","14.1111187860945, 121.55098994739807","14.111143498182471, 121.55101945169878","14.111168210267769, 121.55099464126407"
"Memory Area BLK, 7",13,1,"14.111079116684506, 121.5509577608882","14.111058956817777, 121.55098123021834","14.111084969548724, 121.55101073451902","14.111107080367681, 121.55098994739807"
"Memory Area BLK, 7",14,0,"14.111112282913005, 121.55099531181638","14.111093423685631, 121.55101408728046","14.11112138736705, 121.55104090937199","14.11113829563786, 121.55102280446022"
"Memory Area BLK, 7",15,1,"14.111057005861806, 121.55099330015962","14.111042698858407, 121.55101006396684","14.11105765618013, 121.55102883943091","14.111070662546048, 121.55101006396684"
"Memory Area BLK, 7",16,1,"14.111088221138843, 121.5510228044603","14.111070012227778, 121.55103889771523","14.111091472729967, 121.55106639035905","14.111112933230144, 121.55104694434269"
"Memory Area BLK, 7",17,1,"14.11102644089747, 121.55101006396515","14.111006931344535, 121.55102682777238","14.111037496310052, 121.5510596848345","14.111056355542074, 121.55103822716127"
"Memory Area BLK, 7",18,0,"14.111061558088544, 121.55104560323645","14.111044649812035, 121.55106169649137","14.111071312862881, 121.5510945535535","14.111090172092087, 121.55107108422342"
"Memory Area BLK, 7",19,1,"14.111000428159844, 121.55103353329527","14.11098547083438, 121.55105230875932","14.111009532618354, 121.5510844952692","14.111027741534265, 121.55106035538681"
"Memory Area BLK, 7",20,1,"14.111032944081408, 121.55106437870054","14.11102253898702, 121.55107913085088","14.111051803313785, 121.5511133290176","14.111065459998333, 121.55110058852411"
"Memory Area BLK, 7",21,1,"14.110979617967619, 121.55105901428223","14.110958807773484, 121.55108047195544","14.110982869560281, 121.55111131736072","14.111004980389149, 121.55109053023976"
"Memory Area BLK, 7",22,1,"14.111015385484341, 121.55108851858293","14.111010833255252, 121.5510945535535","14.11102579057906, 121.55111131736072","14.111032293763024, 121.55110528239011"
"Memory Area BLK, 7",23,1,"14.110954905861863, 121.5510844952692","14.110957507136282, 121.55108047195544","14.110983519878806, 121.55110796459928","14.111004330070688, 121.5510898596875"
"Memory Area BLK, 7",24,0,"14.111004330070688, 121.55110058852411","14.11099262433799, 121.55111399956988","14.111019937713342, 121.55113948055686","14.111027741534265, 121.55112808116793"
"Memory Area BLK, 7",25,1,"14.110952304587421, 121.55108583637376","14.110933445346813, 121.55110595294242","14.110957507136282, 121.55113478669081","14.110975716056355, 121.55111668177904"
"Memory Area BLK, 7",26,1,"14.110978317330543, 121.55113210448167","14.110967912233649, 121.55114149221372","14.110983519878806, 121.5511542327072","14.11099132370098, 121.55114886828888"
"Memory Area BLK, 7",27,1,"14.11092238992918, 121.5511126584653","14.110898328135995, 121.55113813945225","14.110926291841347, 121.55116764375296","14.110949052994325, 121.55114417442286"
"Memory Area BLK, 7",28,1,"14.110952954906034, 121.5511475271843","14.110928893116084, 121.55117099651439","14.110959458092074, 121.55119446584452","14.110980918604682, 121.55117166706668"
,,,,,,
"Memory Area BLK, 8",1,0,"14.111141405456877, 121.55069412105203","14.111124497186283, 121.55072161369587","14.111140104820718, 121.55073904805538","14.111155062136042, 121.55072697811416"
"Memory Area BLK, 8",2,0,"14.1111609149983, 121.55073033087561","14.111144657047225, 121.55074575357825","14.111166767860393, 121.55076855235605","14.111180424538045, 121.5507551413103"
"Memory Area BLK, 8",3,1,"14.111116693368654, 121.55072764866647","14.111112791459757, 121.55073569529392","14.111125797822531, 121.55074977689199","14.111130350049319, 121.55074307136908"
"Memory Area BLK, 8",4,0,"14.111140104820718, 121.550754470758","14.111133601639832, 121.55076184683317","14.11115831372621, 121.5507886689247","14.111164816906383, 121.5507779400881"
"Memory Area BLK, 8",5,1,"14.111099134778048, 121.55073234253248","14.111075073003526, 121.55075581186256","14.111103687005382, 121.55078196340182","14.111121245595646, 121.55076184683317"
"Memory Area BLK, 8",6,1,"14.111127098458756, 121.5507665406992","14.111106288278096, 121.55078598671555","14.111129049413098, 121.55081884377769","14.111151160227793, 121.55079738610448"
"Memory Area BLK, 8",7,1,"14.111075073003095, 121.55075916462486","14.111047109316, 121.5507812928504","14.111072471730026, 121.55080945604652","14.111093932231999, 121.55078598671642"
"Memory Area BLK, 8",8,1,"14.111101736050392, 121.55079872720991","14.111095232868411, 121.55080610328508","14.111109539868519, 121.5508215259877","14.111114742413791, 121.5508168321217"
"Memory Area BLK, 8",9,1,"14.111039955814096, 121.55080140941905","14.111034102948745, 121.5508114677034","14.111045808679307, 121.55082420819686","14.111053612499353, 121.55081884377857"
"Memory Area BLK, 8",10,1,"14.111075723321353, 121.55081482046484","14.111058815045913, 121.5508335959289","14.111078324594395, 121.55086444133418","14.111103687004936, 121.55084432476552"
"Memory Area BLK, 8",11,1,"14.111021096580751, 121.55080543273279","14.11099703479799, 121.55082689040601","14.111023047535998, 121.55085706525901","14.11104060613247, 121.55083694869035"
"Memory Area BLK, 8",12,1,"14.111046458997654, 121.55083896034722","14.111029550720025, 121.55085974746817","14.111052962181033, 121.55089394563488","14.111075073003095, 121.55087315851391"
"Memory Area BLK, 8",13,1,"14.110994433521675, 121.55083359592733","14.110971672373227, 121.55085103028685","14.110995083840175, 121.55088455790126","14.111016544349424, 121.55086108857117"
"Memory Area BLK, 8",14,1,"14.111019795941566, 121.55086712354176","14.111003537980427, 121.55088589900585","14.111026949444094, 121.5509120505451","14.111045158358632, 121.55089595729017"
"Memory Area BLK, 8",15,1,"14.110941107398498, 121.55089595728938","14.110930702299909, 121.55090333336456","14.110946960266238, 121.55092076772405","14.110958015682689, 121.55091406220117"
"Memory Area BLK, 8",16,1,"14.110995083840125, 121.55089394562978","14.110970371736062, 121.55091473275071","14.110996384477112, 121.55093954318541","14.111016544349374, 121.55092412048276"
"Memory Area BLK, 8",17,1,"14.110939806761534, 121.55089528673436","14.110917695926343, 121.55091808551215","14.110933953893602, 121.55094289594685","14.110957365364417, 121.55091540330302"
"Memory Area BLK, 8",18,1,"14.110963868550328, 121.55091808551215","14.11093915644287, 121.55094557815598","14.110959966638799, 121.55097642356127","14.110987930336591, 121.55094893091744"
"Memory Area BLK, 8",19,0,"14.110907290826686, 121.55092009716903","14.110892983813885, 121.55094088428997","14.110908591464158, 121.55096569472464","14.110929401662885, 121.55094557815598"
"Memory Area BLK, 8",20,1,"14.110933303574924, 121.55094960146971","14.110917045607628, 121.55096837693381","14.110941107398826, 121.55100123399593","14.11095866600161, 121.55097910577041"
"Memory Area BLK, 8",21,0,"14.11088192839428, 121.55094021373769","14.110866971061029, 121.55096100085863","14.11088192839428, 121.55099117571163","14.110902088276681, 121.55096971803837"
"Memory Area BLK, 8",22,1,"14.110907941145427, 121.55097307079981","14.110888431582339, 121.5509918462639","14.110909892101638, 121.55102604443063","14.110935904849596, 121.55100592786195"
"Memory Area BLK, 8",23,0,"14.110848762132255, 121.55096368306779","14.110829252564116, 121.55098916405476","14.110855915640164, 121.5510146450417","14.110871523292996, 121.55099586957763"
"Memory Area BLK, 8",24,1,"14.110878026481346, 121.55100458675737","14.11086827169874, 121.55102336222146","14.110887130944755, 121.551050184313","14.110907941145427, 121.55103140884893"
"Memory Area BLK, 8",25,0,"14.110822749374362, 121.5509985517868","14.110808442356253, 121.55101531559399","14.11082405001234, 121.55104414934242","14.110846160856603, 121.55101933890774"
"Memory Area BLK, 8",26,1,"14.110852664045694, 121.55102604443063","14.110833154477886, 121.55104481989468","14.110861118191227, 121.55107834750912","14.110880627756643, 121.55105756038817"
"Memory Area BLK, 8",27,0,"14.110794135337255, 121.55102738553519","14.11077787736001, 121.55104012602868","14.110799337889716, 121.55107164198624","14.110816896503426, 121.55104817265612"
"Memory Area BLK, 8",28,1,"14.110825350648257, 121.55104951376214","14.1108071417182, 121.55107968861368","14.110829902883085, 121.55110584015296","14.110853964683482, 121.55108237082285"
,,,,,,
"Memory Area BLK, 9",1,1,"14.111057297023917, 121.55063875817457","14.111047542248983, 121.55064613424975","14.111065751161853, 121.5506662508184","14.111074205299484, 121.5506555219818"
"Memory Area BLK, 9",2,1,"14.111089812937367, 121.55065485142948","14.111067051798445, 121.55068100296874","14.11109566580129, 121.55070916616485","14.111115825664776, 121.55068435573018"
"Memory Area BLK, 9",3,1,"14.11103908811037, 121.55065820419092","14.11103063397143, 121.55066826247527","14.111050143522332, 121.55068502628245","14.111054045432311, 121.55067899131188"
"Memory Area BLK, 9",4,0,"14.111061849252078, 121.55068502628245","14.111054045432311, 121.5506944140145","14.11108005816383, 121.55072190665834","14.111087861982682, 121.55071184837401"
"Memory Area BLK, 9",5,1,"14.11103063397143, 121.55066960357983","14.111023480469004, 121.55067429744585","14.111037137155256, 121.5506944140145","14.111044290657247, 121.55068770849162"
"Memory Area BLK, 9",6,0,"14.111052094477333, 121.5506950845668","14.11103973842873, 121.55070313119428","14.111070953708118, 121.5507346471518","14.111076806572541, 121.55072525941978"
"Memory Area BLK, 9",7,0,"14.11100917346218, 121.5506756385487","14.110989013589268, 121.55070179008794","14.111009823780641, 121.55072928273177","14.111031284288504, 121.55070246064021"
"Memory Area BLK, 9",8,1,"14.111041039064126, 121.55070782505852","14.111016326965052, 121.55073062383634","14.111042339700859, 121.55075878703245","14.111064450523962, 121.55073598825464"
"Memory Area BLK, 9",9,0,"14.110983811041121, 121.55069977843108","14.110964301484533, 121.55072123610431","14.11098511167817, 121.55074805819582","14.111007222506823, 121.55072794162719"
"Memory Area BLK, 9",10,1,"14.111011774735974, 121.5507326354932","14.110989663907768, 121.55075342261414","14.111015026328179, 121.55078426801943","14.111037137153932, 121.55076146924162"
"Memory Area BLK, 9",11,0,"14.11095324606677, 121.55072123610333","14.110936988100875, 121.5507467170903","14.110963651164328, 121.55077488028643","14.110978608491227, 121.5507534226132"
"Memory Area BLK, 9",12,1,"14.110983811039493, 121.55076213979294","14.110975356898502, 121.55077286862955","14.110992915498661, 121.55079231464592","14.111000719320515, 121.55078359746618"
"Memory Area BLK, 9",13,1,"14.110929184276845, 121.55074939929946","14.110916177902858, 121.55077085697269","14.110935687463556, 121.55079902016881","14.110959098934195, 121.55077957415243"
"Memory Area BLK, 9",14,0,"14.110957798297004, 121.5507829269139","14.110941540331439, 121.55080170237795","14.110966252438631, 121.55083187723095","14.110988363269115, 121.5508117606623"
"Memory Area BLK, 9",15,1,"14.11090447216563, 121.55077286862955","14.11088626323986, 121.55079566740737","14.110907723759365, 121.55082517170806","14.110931135232876, 121.55080237293025"
"Memory Area BLK, 9",16,1,"14.110935687463556, 121.55080706679625","14.110916177902858, 121.55082919502179","14.110940239694148, 121.55085668766561","14.110961049889974, 121.55083791220153"
"Memory Area BLK, 9",17,1,"14.110881711006764, 121.55079969072052","14.110857649209292, 121.5508238306029","14.110881711006764, 121.55084931158984","14.11090187088918, 121.55082651281207"
"Memory Area BLK, 9",18,1,"14.110908374076681, 121.55083187723035","14.110892116107589, 121.55085199379901","14.110914877263989, 121.55088216865201","14.110934386824802, 121.55085802876962"
"Memory Area BLK, 9",19,1,"14.110850495701447, 121.55082651281207","14.110829035176563, 121.55084327661928","14.110854397614847, 121.55087747478599","14.110875858137355, 121.55085735821733"
"Memory Area BLK, 9",20,1,"14.110884962600826, 121.55085601711276","14.110860250484818, 121.55088149809971","14.110888864513642, 121.55090697908668","14.110910325032892, 121.55088686251801"
"Memory Area BLK, 9",21,0,"14.110823832624762, 121.55084797048528","14.11080367273545, 121.55086875760624","14.11082708421965, 121.5508989324592","14.110850495701447, 121.55087948644284"
"Memory Area BLK, 9",22,1,"14.110853096977047, 121.55088418030886","14.11083748932297, 121.55090496742982","14.110864152398053, 121.55093313062594","14.110883011644399, 121.55091569626643"
"Memory Area BLK, 9",23,0,"14.11080042114023, 121.55087211036768","14.110781561887054, 121.55089356804089","14.110804973373531, 121.55092575455076","14.110822531986795, 121.55090228522067"
"Memory Area BLK, 9",24,1,"14.11082773453862, 121.55090899074355","14.110808875287708, 121.55092843675989","14.11083488804718, 121.55095592940373","14.110856348571518, 121.55093715393966"
"Memory Area BLK, 9",25,1,"14.110775058695939, 121.55090496742982","14.110751647206396, 121.55091904902787","14.110777009653296, 121.55094989443316","14.110799770821183, 121.55092709565533"
"Memory Area BLK, 9",26,1,"14.1108062740116, 121.5509344717305","14.110784163163444, 121.55095525885145","14.11081082624476, 121.55098342204755","14.110830335814475, 121.55096397603121"
"Memory Area BLK, 9",27,1,"14.110748395610438, 121.55092575455076","14.110728235714449, 121.55094453001482","14.110749696248812, 121.55097671652469","14.110772457419447, 121.55095525885145"
"Memory Area BLK, 9",28,1,"14.110777659972406, 121.55095928216517","14.11075424848313, 121.5509814103907","14.110782212206152, 121.55101359690055","14.11080692433062, 121.55098945701816"
,,,,,,
"Memory Area BLK, 10",1,0,"14.111033885561891, 121.5505737146041","14.111010071810396, 121.55059826865696","14.111032182636631, 121.5506237496439","14.11104909091407, 121.5506016214184"
"Memory Area BLK, 10",2,0,"14.110979769807654, 121.55062681447085","14.110958959613534, 121.55065095435323","14.110979769807654, 121.55067844699707",
"Memory Area BLK, 10",3,0,"14.110949855152404, 121.55064760159101","14.110931646230869, 121.55067509423563","14.110958959613534, 121.55070124577489","14.110973916940752, 121.55068045865394"
"Memory Area BLK, 10",4,1,"14.110923842405224, 121.55067576478613","14.110902381887234, 121.5507019163254","14.110925793361295, 121.55072873841695","14.110949855151578, 121.55070661019141"
"Memory Area BLK, 10",5,0,"14.110896529018346, 121.55070459853455","14.110877669773107, 121.55072873841695","14.110901081249713, 121.55075220774702","14.110921891449125, 121.55073410283524"
"Memory Area BLK, 10",6,1,"14.110868565309344, 121.55072538565547","14.110853607975216, 121.550747513881","14.110877669773107, 121.55077165376339","14.110896529018346, 121.5507542194039"
"Memory Area BLK, 10",7,1,"14.110843202872621, 121.55075220774702","14.110824343622994, 121.55077433597256","14.110845153829406, 121.55079646419807","14.110866614352764, 121.55077970039085"
"Memory Area BLK, 10",8,1,"14.110843853191554, 121.55075086664246","14.110822392666044, 121.55077500652483","14.110848405423976, 121.55079713475034","14.110845804148324, 121.55080048751178"
"Memory Area BLK, 10",9,1,"14.110816276826379, 121.55078132942324","14.110793128309815, 121.55080115806409","14.11081914107108, 121.55082798015562","14.110840601596907, 121.55080652248239"
"Memory Area BLK, 10",10,0,"14.11079351566013, 121.55080748096248","14.110774006087246, 121.55082625642655","14.110798718212617, 121.55085777238412","14.110813675550345, 121.55083430305403"
"Memory Area BLK, 10",11,1,"14.11076880353421, 121.55083296194942","14.110732385659539, 121.55086716011616","14.11075839842775, 121.55089733496914","14.110796116936392, 121.55086045459325"
"Memory Area BLK, 10",12,1,"14.110740189489878, 121.55080077544348","14.110700520013994, 121.55083162084875","14.11072588246658, 121.55086045459714","14.110762300342284, 121.55082290366902"
"Memory Area BLK, 10",13,1,"14.110760999705805, 121.5507712711436","14.110737588214812, 121.55079138771225","14.110764251301587, 121.55082089201295","14.110785061513491, 121.55080211654888"
"Memory Area BLK, 10",14,0,"14.110789613747086, 121.55074579015664","14.110769453854745, 121.5507645656207","14.11079546661872, 121.55079138771225","14.110811724594692, 121.55076993003901"
"Memory Area BLK, 10",15,0,"14.110811724595495, 121.55072097972334","14.110795466619521, 121.55074377850111","14.110817577466571, 121.55077261224955","14.110838387673594, 121.55074646071029"
"Memory Area BLK, 10",16,0,"14.110840988949333, 121.5506981809455","14.110825381294429, 121.55072366193247","14.110850093414218, 121.55074243739655","14.110868302342876, 121.55072500303706"
"Memory Area BLK, 10",17,0,"14.11087025330074, 121.55067739382696","14.110856596604505, 121.55069751039562","14.110872854576126, 121.55072634414405","14.110893014459316, 121.55070287481394"
"Memory Area BLK, 10",18,0,"14.11089366477811, 121.55064923063087","14.110881308720908, 121.55066800609494","14.110899517647074, 121.5506934870819","14.11091967752791, 121.55067538217011"
"Memory Area BLK, 10",19,1,"14.110919027209208, 121.55062509074847","14.110899517647074, 121.55063917234652","14.11092162848402, 121.5506706883041","14.110941788362913, 121.55064788952627"
"Memory Area BLK, 10",20,1,"14.110951543142377, 121.55060229197065","14.110931383264349, 121.55061905577786","14.110980157159739, 121.5506183852256","14.110998366077991, 121.55059960976152"
"Memory Area BLK, 10",21,1,"14.110970402381495, 121.5505701054608","14.110953494098217, 121.5505875398203","14.110978206204113, 121.5506177146733","14.110998366077991, 121.55059826865696"
"Memory Area BLK, 10",22,0,"14.111002918307337, 121.55053993060781","14.110983408752388, 121.55056474104252","14.111003568625808, 121.5505942453432","14.11102828072627, 121.55056742325165"
,,,,,,
Lawn New BLK A,,1,"14.110747528543497, 121.55026367889474","14.110742976309051, 121.55026971386535","14.110751430458656, 121.55028245435881","14.110759884607939, 121.55027776049279"
Lawn New BLK A,,0,"14.110741675670628, 121.5502717255222","14.110737123436081, 121.55027574883592","14.110741675670628, 121.55028781877712","14.110746878224285, 121.55028245435881"
Lawn New BLK A,,0,"14.110735822797606, 121.55028312491109","14.110732571201419, 121.55028446601568","14.11074037503219, 121.55028915988169","14.110741675670628, 121.55028781877712"
Lawn New BLK A,,0,"14.110732571201419, 121.55027977214965","14.11072476737038, 121.55028647767253","14.110734522159145, 121.5502951948523","14.110743626628263, 121.55028983043398"
Lawn New BLK A,,0,"14.110726068008917, 121.55028446601568","14.11072021513549, 121.55029117153856","14.110728018966682, 121.55030055927061","14.110737773755293, 121.55029184209086"
Lawn New BLK A,,1,"14.110720865454764, 121.5502951948523","14.110715012581222, 121.55030391203204","14.110722166093316, 121.55030860589805","14.110727368647431, 121.55030257092747"
Lawn New BLK A,,0,"14.11071436226192, 121.55029921816602","14.110711110665441, 121.55030458258435","14.110716963539087, 121.55031262921179","14.11072021513549, 121.55030927645035"
Lawn New BLK A,,,"14.110703306833663, 121.55029586540458","14.11069745395965, 121.55030122982289","14.110704607472304, 121.55030927645035","14.11071176098473, 121.55030592368891"
Lawn New BLK A,,,"14.110693552043575, 121.55029921816602","14.1106857482112, 121.55030592368891","14.110694852682279, 121.55031799363009","14.11069875459834, 121.55031061755491"
Lawn New BLK A,,,"14.110683797253069, 121.55030927645035","14.110680545656132, 121.55031531142096","14.1106857482112, 121.5503233580484","14.110692901724212, 121.55032201694384"
Lawn New BLK A,,,"14.11067599342035, 121.5503173230778","14.110668189587377, 121.55032604025757","14.110678594697948, 121.55033542798961","14.110687048849943, 121.55032939301901"
Lawn New BLK A,,,"14.110653882559573, 121.55034012185561","14.11065453287904, 121.55033945130334","14.110661036073589, 121.55034481572164","14.11066038575415, 121.55034481572164"
Lawn New BLK A,,,"14.110656483837428, 121.55034012185561","14.110653232240109, 121.55033945130334","14.110655183198494, 121.55035085069223","14.110657134156881, 121.5503468273785"
Lawn New BLK A,,,"14.110643477447883, 121.55034548627391","14.110635220313034, 121.55035367933188","14.110640422869134, 121.55035971430245","14.110650177661498, 121.55035300877957"
Lawn New BLK A,,,"14.110632619034938, 121.5503570320933","14.11062676615913, 121.55036105540705","14.110632619034938, 121.55036977258679","14.110636520952069, 121.55036306706388"
Lawn New BLK A,,,"14.110625465520032, 121.55036507872076","14.11061441008745, 121.55036843148223","14.110622213922282, 121.55037312534823","14.110628717117745, 121.5503691020345"
Lawn New BLK A,,,"14.110607906891575, 121.55037044313906","14.110601403695501, 121.55037916031883","14.110610508169952, 121.55038921860316","14.110619612644033, 121.55038050142339"
Lawn New BLK A,,,"14.110593599859984, 121.55038385418484","14.110585796024186, 121.55038988915544","14.110593599859984, 121.55039860633518","14.110602704334738, 121.55039190081231"
Lawn New BLK A,,,"14.110583194745532, 121.55039391246918","14.110577341868437, 121.55039793578288","14.11058384506519, 121.55040799406723","14.110588397302815, 121.55040128854435"
Lawn New BLK A,,,"14.110559132916535, 121.55038519528941","14.110557181957322, 121.55039391246918","14.11057409027, 121.55041335848554","14.110583194745532, 121.55040665296266"
Lawn New BLK A,,,"14.110574740589682, 121.55039860633518","14.110569538032093, 121.55040262964893","14.110575390909377, 121.55041067627637","14.110578642507802, 121.55040262964893"
Lawn New BLK A,,,"14.110584495384858, 121.55039123026","14.110579943147169, 121.55039793578288","14.110585145704515, 121.55040598241037","14.11059164890105, 121.55039927688749"
Lawn New BLK A,,,"14.110590998581406, 121.55038385418484","14.110584495384858, 121.55038921860316","14.11059620113851, 121.55040061799205","14.110600103056262, 121.5503925713646"
Lawn New BLK A,,,"14.11060595593277, 121.55036776092993","14.11059620113851, 121.55037848976654","14.110611158489533, 121.55038787749857","14.110621563602711, 121.55037848976654"
Lawn New BLK A,,,"14.110618962324695, 121.550362396512","14.110611158489773, 121.55036776093031","14.11062221392251, 121.55037781921462","14.110627416478902, 121.5503684314826"
Lawn New BLK A,,,"14.110625465520275, 121.55036038485513","14.11062026296383, 121.55036038485513","14.110628717117974, 121.55036977258716","14.110633269354697, 121.55036507872114"
Lawn New BLK A,,,"14.11064562542541, 121.55034764436166","14.110635870632843, 121.55035434988454","14.110641723508435, 121.55036105540744","14.11064952734231, 121.55035166767539"
Lawn New BLK A,,,"14.11065472989808, 121.55033959773421","14.110646926064382, 121.55034295049565","14.110654079578628, 121.55034831491395","14.110661883412071, 121.55034496215251"
Lawn New BLK A,,,"14.110665135009274, 121.55032953944986","14.11065472989808, 121.55033691552504","14.110659282134293, 121.55034429160021","14.11066708596756, 121.55034093883877"
Lawn New BLK A,,,"14.110675540119987, 121.55032752779302","14.11066123309263, 121.55033021000216","14.110669036925845, 121.55033624497277","14.110677491078183, 121.5503342333159"
Lawn New BLK A,,,"14.110683994272081, 121.55031411674723","14.110672288522922, 121.55032417503155","14.110680742675159, 121.55033289221133","14.110689847146428, 121.55032283392698"
Lawn New BLK A,,,"14.110693098743225, 121.55030607011977","14.110682693633317, 121.5503100934335","14.110695049701281, 121.55031948116554","14.110700902575347, 121.55031210509037"
Lawn New BLK A,,,"14.110702203214, 121.55029400017858","14.110695700020633, 121.55029735294002","14.11070415417199, 121.55030875232893","14.1107087064072, 121.55030472901521"
Lawn New BLK A,,,"14.110710007045814, 121.55028461244655","14.110702853533338, 121.55029400017858","14.110713258642319, 121.5503040584629","14.110720412154478, 121.55029534128316"
Lawn New BLK A,,,"14.110706105129946, 121.5502993645969","14.110697650978663, 121.5503040584629","14.110700902575347, 121.55030875232893","14.110706755449273, 121.55030271735833"
Lawn New BLK A,,,"14.110716510238799, 121.55029332962629","14.110714559280911, 121.55029802349233","14.110722643297889, 121.55030754858328","14.110728496171243, 121.55030352526954"
Lawn New BLK A,,,"14.11072524457494, 121.55028609091005","14.110720692340061, 121.55029011422377","14.11073044712899, 121.55029950195582","14.110738250959828, 121.55029346698522"
Lawn New BLK A,,,"14.110737600640602, 121.55028542035777","14.110733698725204, 121.55028810256692","14.110738901279051, 121.55029614919438","14.110739551598277, 121.5502894436715"
Lawn New BLK A,,,"14.110742803194361, 121.5502706682074","14.110738901279051, 121.55028340870089","14.110746054790408, 121.55028743201463","14.110751257343976, 121.55028139704402"
Lawn New BLK A,,,"14.110749956705591, 121.5502653037891","14.110743453513573, 121.55026798599827","14.110751257343976, 121.55028206759633","14.11075971149326, 121.55027670317801"
test block,,3,"14.111192666210059, 121.55029411625638","14.111153647130966, 121.5503276438668","14.111190064938324, 121.55036921810368","14.111228433693357, 121.55033166718006"